[{"model": "flights.location", "pk": "1001", "fields": {"state": "BOM", "country": "IND", "zip_code": "400099"}}, {"model": "flights.location", "pk": "1002", "fields": {"state": "PNQ", "country": "IND", "zip_code": "411043"}}, {"model": "flights.location", "pk": "1003", "fields": {"state": "DEL", "country": "IND", "zip_code": "110009"}}, {"model": "flights.location", "pk": "1004", "fields": {"state": "CCU", "country": "IND", "zip_code": "700089"}}, {"model": "flights.location", "pk": "1005", "fields": {"state": "HYD", "country": "IND", "zip_code": "500048"}}, {"model": "flights.location", "pk": "1006", "fields": {"state": "BLR", "country": "IND", "zip_code": "560028"}}, {"model": "flights.location", "pk": "1007", "fields": {"state": "EWR", "country": "US", "zip_code": "07097"}}, {"model": "flights.location", "pk": "1008", "fields": {"state": "BOS", "country": "US", "zip_code": "02133"}}, {"model": "flights.location", "pk": "1009", "fields": {"state": "DCA", "country": "US", "zip_code": "98092"}}, {"model": "flights.location", "pk": "1010", "fields": {"state": "LHR", "country": "UK", "zip_code": "EC3P3DQ"}}, {"model": "flights.airline", "pk": "AIC", "fields": {"name": "Air India", "is_charter": false, "upload": "static/airlines/AI_yRhCjdF.png"}}, {"model": "flights.airline", "pk": "DKN", "fields": {"name": "Deccan Charters", "is_charter": true, "upload": "static/airlines/decchar.png"}}, {"model": "flights.airline", "pk": "GOW", "fields": {"name": "GoAir", "is_charter": false, "upload": "static/airlines/goair.png"}}, {"model": "flights.airline", "pk": "IAD", "fields": {"name": "Air Asia", "is_charter": false, "upload": "static/airlines/airasi.png"}}, {"model": "flights.airline", "pk": "IGO", "fields": {"name": "Indigo", "is_charter": false, "upload": "static/airlines/indigo.png"}}, {"model": "flights.airline", "pk": "JGN", "fields": {"name": "Jagson Airline", "is_charter": true, "upload": "static/airlines/Jagson_Logo.png"}}, {"model": "flights.airline", "pk": "PHE", "fields": {"name": "Pawan Hans", "is_charter": true, "upload": "static/airlines/pawanhans.png"}}, {"model": "flights.airline", "pk": "SEJ", "fields": {"name": "SpiceJet", "is_charter": false, "upload": "static/airlines/spice.png"}}, {"model": "flights.airline", "pk": "VTI", "fields": {"name": "Vistara", "is_charter": false, "upload": "static/airlines/vistara.png"}}, {"model": "flights.flight", "pk": "6E-515", "fields": {"airline": "IGO", "seats": 256}}, {"model": "flights.flight", "pk": "6E-587", "fields": {"airline": "IGO", "seats": 225}}, {"model": "flights.flight", "pk": "AI-402", "fields": {"airline": "AIC", "seats": 256}}, {"model": "flights.flight", "pk": "AI-423", "fields": {"airline": "AIC", "seats": 276}}, {"model": "flights.flight", "pk": "AI-514", "fields": {"airline": "AIC", "seats": 256}}, {"model": "flights.flight", "pk": "G8-815", "fields": {"airline": "GOW", "seats": 256}}, {"model": "flights.flight", "pk": "G8-893", "fields": {"airline": "GOW", "seats": 256}}, {"model": "flights.flight", "pk": "I5-142", "fields": {"airline": "IAD", "seats": 236}}, {"model": "flights.flight", "pk": "I5-306", "fields": {"airline": "IAD", "seats": 256}}, {"model": "flights.flight", "pk": "SG-365", "fields": {"airline": "SEJ", "seats": 256}}, {"model": "flights.flight", "pk": "SG-543", "fields": {"airline": "SEJ", "seats": 256}}, {"model": "flights.flight", "pk": "UK-808", "fields": {"airline": "VTI", "seats": 256}}, {"model": "flights.flight", "pk": "UK-814", "fields": {"airline": "VTI", "seats": 256}}, {"model": "flights.flight", "pk": "UK-816", "fields": {"airline": "VTI", "seats": 256}}, {"model": "flights.airport", "pk": "AIR11C06", "fields": {"name": "Kempegowda International Airport", "code": "VOBL", "location": "1006"}}, {"model": "flights.airport", "pk": "AIR11G07", "fields": {"name": "Newark Liberty International Airport", "code": "KEWR", "location": "1007"}}, {"model": "flights.airport", "pk": "AIR11H10", "fields": {"name": "Heathrow Airport", "code": "EGLL", "location": "1010"}}, {"model": "flights.airport", "pk": "AIR11L08", "fields": {"name": "General Edward Lawrence Logan International Airp", "code": "KBOS", "location": "1008"}}, {"model": "flights.airport", "pk": "AIR11N09", "fields": {"name": "Bellingham International Airport", "code": "KBLI", "location": "1009"}}, {"model": "flights.airport", "pk": "AIR11P05", "fields": {"name": "Rajiv Gandhi International Airport", "code": "VOHS", "location": "1005"}}, {"model": "flights.airport", "pk": "AIR11Q04", "fields": {"name": "Netaji Subhas Chandra Bose International Airport", "code": "VECC", "location": "1004"}}, {"model": "flights.airport", "pk": "AIR11V02", "fields": {"name": "Pune Airport", "code": "VAPO", "location": "1002"}}, {"model": "flights.airport", "pk": "AIR11W03", "fields": {"name": "Indira Gandhi International Airport", "code": "VIDP", "location": "1003"}}, {"model": "flights.airport", "pk": "AIR11X01", "fields": {"name": "Chhatrapati Shivaji Maharaj International Airport", "code": "VABB", "location": "1001"}}, {"model": "flights.schedule", "pk": "XSDAS", "fields": {"flight": "6E-515", "src_air": "AIR11X01", "des_air": "AIR11V02", "fare": "25000.00", "start_time": "2020-09-09T12:26:28Z", "end_time": "2020-09-11T12:26:42Z"}}, {"model": "flights.schedule", "pk": "XT12A11", "fields": {"flight": "6E-515", "src_air": "AIR11V02", "des_air": "AIR11N09", "fare": "50000.00", "start_time": "2020-09-01T16:00:00Z", "end_time": "2020-09-03T04:30:00Z"}}, {"model": "flights.schedule", "pk": "XT12A12", "fields": {"flight": "6E-587", "src_air": "AIR11P05", "des_air": "AIR11C06", "fare": "8000.00", "start_time": "2020-09-01T17:00:00Z", "end_time": "2020-09-02T05:30:00Z"}}, {"model": "flights.schedule", "pk": "XT12A13", "fields": {"flight": "SG-365", "src_air": "AIR11H10", "des_air": "AIR11X01", "fare": "60000.00", "start_time": "2020-09-02T18:00:00Z", "end_time": "2020-09-04T06:30:00Z"}}, {"model": "flights.schedule", "pk": "XT12A14", "fields": {"flight": "G8-893", "src_air": "AIR11G07", "des_air": "AIR11L08", "fare": "55000.00", "start_time": "2020-09-03T19:00:00Z", "end_time": "2020-09-05T07:30:00Z"}}, {"model": "flights.schedule", "pk": "XT12A15", "fields": {"flight": "G8-815", "src_air": "AIR11W03", "des_air": "AIR11Q04", "fare": "7000.00", "start_time": "2020-09-03T20:00:00Z", "end_time": "2020-09-04T08:30:00Z"}}, {"model": "flights.schedule", "pk": "XT12A16", "fields": {"flight": "I5-142", "src_air": "AIR11V02", "des_air": "AIR11W03", "fare": "5000.00", "start_time": "2020-09-04T21:00:00Z", "end_time": "2020-09-05T09:30:00Z"}}, {"model": "flights.schedule", "pk": "XT12A17", "fields": {"flight": "I5-306", "src_air": "AIR11Q04", "des_air": "AIR11G07", "fare": "58000.00", "start_time": "2020-09-04T22:00:00Z", "end_time": "2020-09-06T10:30:00Z"}}, {"model": "flights.schedule", "pk": "XT12A18", "fields": {"flight": "UK-816", "src_air": "AIR11L08", "des_air": "AIR11H10", "fare": "69000.00", "start_time": "2020-09-05T23:00:00Z", "end_time": "2020-09-07T11:30:00Z"}}, {"model": "flights.schedule", "pk": "XT12A19", "fields": {"flight": "UK-808", "src_air": "AIR11X01", "des_air": "AIR11P05", "fare": "6000.00", "start_time": "2020-09-06T00:00:00Z", "end_time": "2020-09-07T12:30:00Z"}}, {"model": "flights.schedule", "pk": "XT12A20", "fields": {"flight": "UK-814", "src_air": "AIR11C06", "des_air": "AIR11N09", "fare": "65000.00", "start_time": "2020-09-06T01:00:00Z", "end_time": "2020-09-09T13:30:00Z"}}, {"model": "flights.schedule", "pk": "XT15G34", "fields": {"flight": "AI-402", "src_air": "AIR11V02", "des_air": "AIR11X01", "fare": "4500.00", "start_time": "2020-09-06T02:00:00Z", "end_time": "2020-09-07T14:30:00Z"}}, {"model": "flights.schedule", "pk": "XT15G35", "fields": {"flight": "AI-423", "src_air": "AIR11C06", "des_air": "AIR11L08", "fare": "57000.00", "start_time": "2020-09-07T03:00:00Z", "end_time": "2020-09-09T15:30:00Z"}}, {"model": "flights.schedule", "pk": "XT15G36", "fields": {"flight": "AI-514", "src_air": "AIR11N09", "des_air": "AIR11Q04", "fare": "62000.00", "start_time": "2020-09-07T04:00:00Z", "end_time": "2020-09-09T16:30:00Z"}}, {"model": "flights.schedule", "pk": "XT15G37", "fields": {"flight": "SG-543", "src_air": "AIR11P05", "des_air": "AIR11W03", "fare": "7000.00", "start_time": "2020-09-01T05:00:00Z", "end_time": "2020-09-02T17:30:00Z"}}, {"model": "flights.schedule", "pk": "XT15G38", "fields": {"flight": "6E-515", "src_air": "AIR11H10", "des_air": "AIR11G07", "fare": "45000.00", "start_time": "2020-09-02T06:00:00Z", "end_time": "2020-09-05T18:30:00Z"}}, {"model": "flights.schedule", "pk": "XT15G39", "fields": {"flight": "6E-587", "src_air": "AIR11V02", "des_air": "AIR11L08", "fare": "55000.00", "start_time": "2020-09-02T07:00:00Z", "end_time": "2020-09-06T19:30:00Z"}}, {"model": "flights.schedule", "pk": "XT15G40", "fields": {"flight": "SG-365", "src_air": "AIR11X01", "des_air": "AIR11Q04", "fare": "5500.00", "start_time": "2020-09-08T08:00:00Z", "end_time": "2020-09-09T20:30:00Z"}}, {"model": "flights.schedule", "pk": "XT15G41", "fields": {"flight": "G8-893", "src_air": "AIR11C06", "des_air": "AIR11W03", "fare": "6500.00", "start_time": "2020-09-09T09:00:00Z", "end_time": "2020-09-10T21:30:00Z"}}, {"model": "flights.schedule", "pk": "XT15G42", "fields": {"flight": "6E-587", "src_air": "AIR11N09", "des_air": "AIR11G07", "fare": "45000.00", "start_time": "2020-09-08T10:00:00Z", "end_time": "2020-09-10T22:30:00Z"}}, {"model": "flights.schedule", "pk": "XT15G43", "fields": {"flight": "I5-142", "src_air": "AIR11P05", "des_air": "AIR11H10", "fare": "59000.00", "start_time": "2020-09-09T11:00:00Z", "end_time": "2020-09-11T23:30:00Z"}}, {"model": "flights.schedule", "pk": "XU12A11", "fields": {"flight": "6E-515", "src_air": "AIR11V02", "des_air": "AIR11N09", "fare": "50000.00", "start_time": "2020-09-11T12:00:00Z", "end_time": "2020-09-13T00:30:00Z"}}, {"model": "flights.schedule", "pk": "XU12A12", "fields": {"flight": "6E-587", "src_air": "AIR11P05", "des_air": "AIR11C06", "fare": "8000.00", "start_time": "2020-09-11T13:00:00Z", "end_time": "2020-09-12T01:30:00Z"}}, {"model": "flights.schedule", "pk": "XU12A13", "fields": {"flight": "SG-365", "src_air": "AIR11H10", "des_air": "AIR11X01", "fare": "60000.00", "start_time": "2020-09-12T14:00:00Z", "end_time": "2020-09-14T02:30:00Z"}}, {"model": "flights.schedule", "pk": "XU12A14", "fields": {"flight": "G8-893", "src_air": "AIR11G07", "des_air": "AIR11L08", "fare": "55000.00", "start_time": "2020-09-13T15:00:00Z", "end_time": "2020-09-15T03:30:00Z"}}, {"model": "flights.schedule", "pk": "XU12A15", "fields": {"flight": "G8-815", "src_air": "AIR11W03", "des_air": "AIR11Q04", "fare": "7000.00", "start_time": "2020-09-13T16:00:00Z", "end_time": "2020-09-14T04:30:00Z"}}, {"model": "flights.schedule", "pk": "XU12A16", "fields": {"flight": "I5-142", "src_air": "AIR11V02", "des_air": "AIR11W03", "fare": "5000.00", "start_time": "2020-09-14T17:00:00Z", "end_time": "2020-09-15T05:30:00Z"}}, {"model": "flights.schedule", "pk": "XU12A17", "fields": {"flight": "I5-306", "src_air": "AIR11Q04", "des_air": "AIR11G07", "fare": "58000.00", "start_time": "2020-09-14T18:00:00Z", "end_time": "2020-09-16T06:30:00Z"}}, {"model": "flights.schedule", "pk": "XU12A18", "fields": {"flight": "UK-816", "src_air": "AIR11L08", "des_air": "AIR11H10", "fare": "69000.00", "start_time": "2020-09-15T19:00:00Z", "end_time": "2020-09-17T07:30:00Z"}}, {"model": "flights.schedule", "pk": "XU12A19", "fields": {"flight": "UK-808", "src_air": "AIR11X01", "des_air": "AIR11P05", "fare": "6000.00", "start_time": "2020-09-16T20:00:00Z", "end_time": "2020-09-17T08:30:00Z"}}, {"model": "flights.schedule", "pk": "XU12A20", "fields": {"flight": "UK-814", "src_air": "AIR11C06", "des_air": "AIR11N09", "fare": "65000.00", "start_time": "2020-09-16T21:00:00Z", "end_time": "2020-09-19T09:30:00Z"}}, {"model": "flights.schedule", "pk": "XU15G34", "fields": {"flight": "AI-402", "src_air": "AIR11V02", "des_air": "AIR11X01", "fare": "4500.00", "start_time": "2020-09-16T22:00:00Z", "end_time": "2020-09-17T10:30:00Z"}}, {"model": "flights.schedule", "pk": "XU15G35", "fields": {"flight": "AI-423", "src_air": "AIR11C06", "des_air": "AIR11L08", "fare": "57000.00", "start_time": "2020-09-17T23:00:00Z", "end_time": "2020-09-19T11:30:00Z"}}, {"model": "flights.schedule", "pk": "XU15G36", "fields": {"flight": "AI-514", "src_air": "AIR11N09", "des_air": "AIR11Q04", "fare": "62000.00", "start_time": "2020-09-17T00:00:00Z", "end_time": "2020-09-19T12:30:00Z"}}, {"model": "flights.schedule", "pk": "XU15G37", "fields": {"flight": "SG-543", "src_air": "AIR11P05", "des_air": "AIR11W03", "fare": "7000.00", "start_time": "2020-09-11T01:00:00Z", "end_time": "2020-09-12T13:30:00Z"}}, {"model": "flights.schedule", "pk": "XU15G38", "fields": {"flight": "6E-515", "src_air": "AIR11H10", "des_air": "AIR11G07", "fare": "45000.00", "start_time": "2020-09-12T02:00:00Z", "end_time": "2020-09-15T14:30:00Z"}}, {"model": "flights.schedule", "pk": "XU15G39", "fields": {"flight": "6E-587", "src_air": "AIR11V02", "des_air": "AIR11L08", "fare": "55000.00", "start_time": "2020-09-12T03:00:00Z", "end_time": "2020-09-16T15:30:00Z"}}, {"model": "flights.schedule", "pk": "XU15G40", "fields": {"flight": "SG-365", "src_air": "AIR11X01", "des_air": "AIR11Q04", "fare": "5500.00", "start_time": "2020-09-18T04:00:00Z", "end_time": "2020-09-19T16:30:00Z"}}, {"model": "flights.schedule", "pk": "XU15G41", "fields": {"flight": "G8-893", "src_air": "AIR11C06", "des_air": "AIR11W03", "fare": "6500.00", "start_time": "2020-09-19T05:00:00Z", "end_time": "2020-09-20T17:30:00Z"}}, {"model": "flights.schedule", "pk": "XU15G42", "fields": {"flight": "6E-587", "src_air": "AIR11N09", "des_air": "AIR11G07", "fare": "45000.00", "start_time": "2020-09-18T06:00:00Z", "end_time": "2020-09-20T18:30:00Z"}}, {"model": "flights.schedule", "pk": "XU15G43", "fields": {"flight": "I5-142", "src_air": "AIR11P05", "des_air": "AIR11H10", "fare": "59000.00", "start_time": "2020-09-19T07:00:00Z", "end_time": "2020-09-21T19:30:00Z"}}, {"model": "flights.customer", "pk": 1, "fields": {"name": "Quinn Sallie Walter", "age": 34, "address": "225 Rutland Road", "location": "1001", "gender": "female", "email": "salliewalter@zensus.com", "phone": "+29 (851) 418-2048"}}, {"model": "flights.customer", "pk": 2, "fields": {"name": "Lucille Roslyn Cooley", "age": 23, "address": "856 Howard Alley", "location": "1002", "gender": "female", "email": "roslyncooley@zensus.com", "phone": "+51 (816) 425-3461"}}, {"model": "flights.customer", "pk": 3, "fields": {"name": "Julie Cox Cervantes", "age": 27, "address": "682 Montgomery Street", "location": "1003", "gender": "male", "email": "coxcervantes@zensus.com", "phone": "+33 (977) 577-2468"}}, {"model": "flights.customer", "pk": 4, "fields": {"name": "Orr Lewis Gillespie", "age": 29, "address": "300 Manhattan Court", "location": "1002", "gender": "male", "email": "lewisgillespie@zensus.com", "phone": "+14 (922) 575-2938"}}, {"model": "flights.customer", "pk": 5, "fields": {"name": "Marie Hobbs Walker", "age": 31, "address": "978 Herkimer Street", "location": "1004", "gender": "male", "email": "hobbswalker@zensus.com", "phone": "+20 (831) 401-2760"}}, {"model": "flights.customer", "pk": 6, "fields": {"name": "Jennifer Hillary Bridges", "age": 40, "address": "946 McKibben Street", "location": "1005", "gender": "female", "email": "hillarybridges@zensus.com", "phone": "+44 (974) 585-3937"}}, {"model": "flights.booking", "pk": 1, "fields": {"schedule": "XSDAS", "customer": 3, "price": "25000.00"}}, {"model": "flights.booking", "pk": 2, "fields": {"schedule": "XSDAS", "customer": 3, "price": "25000.00"}}, {"model": "flights.booking", "pk": 3, "fields": {"schedule": "XSDAS", "customer": 3, "price": "25000.00"}}, {"model": "flights.booking", "pk": 4, "fields": {"schedule": "XSDAS", "customer": 4, "price": "25000.00"}}, {"model": "flights.booking", "pk": 5, "fields": {"schedule": "XSDAS", "customer": 4, "price": "25000.00"}}, {"model": "flights.booking", "pk": 6, "fields": {"schedule": "XSDAS", "customer": 3, "price": "25000.00"}}, {"model": "flights.booking", "pk": 7, "fields": {"schedule": "XT12A19", "customer": 4, "price": "6000.00"}}, {"model": "flights.booking", "pk": 8, "fields": {"schedule": "XT12A19", "customer": 6, "price": "6000.00"}}, {"model": "flights.booking", "pk": 9, "fields": {"schedule": "XT12A19", "customer": 6, "price": "6000.00"}}, {"model": "flights.booking", "pk": 10, "fields": {"schedule": "XT12A19", "customer": 6, "price": "6000.00"}}, {"model": "flights.booking", "pk": 11, "fields": {"schedule": "XSDAS", "customer": 6, "price": "25000.00"}}, {"model": "flights.booking", "pk": 12, "fields": {"schedule": "XSDAS", "customer": 2, "price": "25000.00"}}]